IPC1,IPC2,IPC3,IAC1,IAC2,LLC1,LLC2,ISK1,ISK2,ISK3,ISK4,IAS1,IT1,IT2,IT3,IB1,IE1,IE2,ILR1,label
69,63,78,87,94,94,87,84,61,4,4,7.9,A,1,,,,,no,excellent
78,62,73,60,71,70,73,84,91,7,2,5.4,B,2,,,,,no,medium
71,86,91,87,61,81,72,72,94,1,1,5.2,B,7,,,,,no,excellent
76,87,60,84,89,73,62,88,69,1,2,8.5,C ,10,,,,,yes,excellent
92,62,90,67,71,89,73,71,73,5,6,8.8,C ,6,,,,,no,excellent
88,86,62,79,93,84,69,71,82,5,8,8.8,A,0,,,,,no,medium
93,77,69,79,90,93,73,63,77,3,3,8.6,A,1,,,,,no,poor
84,72,88,62,66,63,78,94,60,2,6,8.8,D,5,,,,,no,excellent
73,66,66,81,81,69,61,87,90,5,4,0.4,F,4,,,,,yes,poor
62,76,85,91,82,69,63,63,81,9,5,8.8,F,3,,,,,yes,poor
73,80,70,83,61,82,75,94,89,6,3,6.6,D,3,,,,,no,poor
63,76,81,90,70,72,86,89,85,3,9,5.9,D,4,,,,,yes,excellent
63,64,61,67,61,70,65,64,79,2,8,6.1,D,5,,,,,yes,poor
68,93,77,60,77,81,67,81,91,5,6,7.2,C ,11,,,,,no,poor
90,83,66,71,65,67,86,63,62,6,3,8.7,C ,13,,,,,yes,poor
94,71,63,74,61,69,65,62,68,7,5,6.2,C ,11,,,,,yes,excellent
60,92,94,90,62,94,62,73,60,7,5,5,A,6,,,,,no,medium
92,86,61,63,64,65,92,65,60,9,3,6.2,A,2,,,,,no,excellent
82,91,68,86,78,61,91,82,82,8,7,3.8,E,9,,,,,no,medium
90,73,90,67,63,88,67,60,69,6,2,2.9,E,9,,,,,yes,excellent
67,61,66,62,93,91,88,88,70,5,2,6,B,4,,,,,yes,poor
65,61,73,90,89,74,82,60,84,8,2,6,B,2,,,,,no,poor
84,62,70,70,67,65,78,61,65,9,4,8.3,B,3,,,,,yes,excellent
74,89,66,75,86,61,63,80,69,9,7,8.2,A,5,,,,,yes,poor
92,67,76,92,69,90,80,77,66,7,5,7.7,A,8,,,,,yes,poor
75,74,85,93,92,80,87,78,91,5,4,7.7,C ,5,,,,,yes,excellent
90,82,75,72,84,79,83,68,67,8,1,8.6,A,8,,,,,no,medium
71,60,93,79,78,93,90,76,75,9,3,8.7,D,1,,,,,no,excellent
83,82,64,70,93,73,87,83,87,1,1,7.7,D,1,,,,,no,medium
83,68,70,90,85,75,90,92,85,3,2,5.3,B,1,,,,,yes,poor
89,88,65,78,87,63,75,71,90,2,9,6.8,E,6,,,,,yes,medium
74,70,93,85,82,94,71,93,75,5,3,6.8,E,6,,,,,no,poor
80,85,68,64,86,62,78,87,87,7,7,6.5,A,4,,,,,no,excellent
70,67,64,82,77,72,87,68,65,9,2,5.1,A,2,,,,,no,poor
76,63,84,85,61,76,65,87,76,8,2,5.4,A,7,,,,,no,excellent
66,74,78,85,68,69,86,83,80,8,2,5,F,3,,,,,yes,excellent
83,83,62,82,61,77,89,82,78,3,9,5.4,F,1,,,,,no,poor
66,71,72,60,93,65,81,78,94,8,7,6.1,F,3,,,,,no,poor
70,71,65,84,86,72,79,68,63,8,4,5.6,A,2,,,,,yes,medium
78,85,80,85,83,74,82,70,62,6,1,6.4,B,5,,,,,yes,poor
74,67,94,65,94,83,93,81,84,5,6,8.9,A,7,,,,,yes,excellent
85,74,70,69,87,92,71,94,64,9,1,8,A,2,,,,,yes,excellent
61,71,77,82,70,65,65,60,94,3,6,6.3,B,0,,,,,yes,medium
71,83,80,71,85,60,63,93,88,7,8,6.3,B,0,,,,,no,medium
67,83,86,63,82,71,70,64,78,9,5,6,B,2,,,,,yes,excellent
76,82,76,62,94,90,92,79,73,5,8,6.3,D,2,,,,,yes,medium
69,81,74,62,60,82,82,75,70,7,2,7.3,D,2,,,,,no,excellent
81,83,63,78,66,63,75,85,78,7,5,5.3,D,5,,,,,yes,medium
79,73,77,91,84,68,82,63,84,7,3,6.4,E,2,,,,,yes,poor
73,78,76,75,71,66,92,91,81,5,9,3.2,E,,,,,,yes,poor
69,71,88,82,88,71,83,93,92,2,1,6.2,E,8,,,,,no,poor
75,84,63,90,77,81,71,63,69,4,2,6.6,F,8,,,,,yes,medium
73,69,63,90,64,60,80,78,78,5,6,6.5,B,2,,,,,yes,poor
62,92,83,84,93,68,88,74,71,8,4,5.3,B,,,,,,yes,medium
69,73,86,91,77,60,84,67,73,3,2,5.5,C ,2,,,,,yes,poor
69,62,64,67,71,87,79,60,77,6,7,8.2,A,1,,,,,yes,poor
65,78,80,93,87,60,85,67,68,3,4,5.6,C ,1,,,,,yes,poor
76,87,80,67,66,66,80,74,75,9,1,5.8,A,3,,,,,yes,medium
74,85,64,72,67,64,62,73,92,5,7,7.8,C ,6,,,,,yes,poor
86,63,73,94,70,67,91,92,93,3,3,7.7,A,9,,,,,no,poor
64,69,76,62,63,67,86,66,75,7,4,6.2,C ,11,,,,,yes,excellent
93,94,70,85,68,91,69,78,86,2,8,7.6,C ,4,,,,,yes,excellent
94,74,75,74,65,74,63,85,89,6,6,8.4,C ,7,,,,,yes,medium
88,62,67,73,90,80,76,67,70,1,6,6.5,B,5,,,,,no,poor
76,91,84,66,84,87,61,79,64,2,1,6.3,B,3,,,,,no,medium
80,75,83,75,85,62,74,70,61,8,1,5.7,B,1,,,,,no,poor
75,74,72,90,94,86,64,75,70,3,4,4.6,B,3,,,,,no,excellent
69,67,68,80,84,67,76,80,76,7,4,5.2,C ,5,,,,,yes,poor
83,84,66,70,64,83,90,61,83,3,7,6.9,C ,8,,,,,yes,medium
88,72,79,90,70,75,77,81,67,6,9,7.4,A,3,,,,,yes,poor
83,66,93,68,74,66,81,71,94,7,6,7.8,B,5,,,,,yes,excellent
83,68,63,61,70,75,74,92,75,4,6,7.9,A,4,,,,,no,medium
89,89,68,63,75,86,87,63,63,5,7,8,F,8,,,,,yes,excellent
90,61,75,93,90,85,85,66,78,1,6,5.4,E,5,,,,,no,poor
91,62,71,87,64,68,90,73,94,9,4,5.3,E,6,,,,,no,poor
66,69,63,81,80,90,81,71,73,5,3,7.9,E,4,,,,,yes,medium
61,74,91,81,80,93,90,94,80,2,4,5.4,F,11,,,,,no,poor
92,74,71,68,84,63,88,89,69,6,4,5.1,A,15,,,,,yes,excellent
64,74,91,73,68,76,62,82,63,5,7,8.8,C ,8,,,,,yes,poor
72,85,77,88,91,88,78,91,83,5,1,8.8,C ,6,,,,,yes,medium
74,86,65,84,66,84,62,69,79,6,3,8.8,C ,7,,,,,no,excellent
88,80,67,91,66,84,61,62,85,7,3,5.2,C ,2,,,,,yes,excellent
76,75,78,86,94,84,64,92,65,9,6,8.2,A,4,,,,,no,medium
73,68,91,92,87,65,94,90,66,7,8,8.6,A,7,,,,,yes,excellent
63,61,79,91,78,83,76,66,61,6,1,8.9,B,5,,,,,no,excellent
60,64,93,93,81,89,81,63,68,8,9,7.167,A,3,,,,,yes,poor
76,93,65,63,86,88,88,93,78,4,5,7.033,C ,4,,,,,yes,medium
72,92,90,67,64,83,60,87,84,9,1,7.133,A,2,,,,,no,poor
85,67,77,91,64,92,84,83,75,6,6,6.567,B,5,,,,,no,excellent
81,84,69,71,88,60,75,93,74,3,7,7.243,B,8,,,,,yes,excellent
82,65,74,93,72,73,67,83,72,2,4,8.2,S,4,,,,,no,excellent
74,69,86,77,75,76,81,94,83,7,7,8.5,S,2,,,,,yes,excellent
70,64,73,76,76,88,71,75,60,9,7,8.6,A,6,,,,,yes,excellent
71,67,61,65,68,61,72,86,86,5,6,6.565,B,1,,,,,no,poor
77,92,70,91,83,65,84,61,73,1,8,6.6,C ,3,,,,,no,poor
60,85,74,91,66,86,79,63,64,1,7,6.724,E,4,,,,,yes,poor
91,94,76,84,65,71,72,81,81,2,2,7.19,,3,,,,,yes,poor
66,67,71,67,80,85,68,90,82,2,2,6.61,A,2,,,,,no,excellent
71,85,61,87,69,80,64,70,93,7,4,6.56,A,3,,,,,no,medium
82,69,71,80,72,94,60,66,67,2,8,7.045,C ,3,,,,,no,excellent
81,91,93,69,86,74,80,70,68,2,2,7.633,C ,1,,,,,no,medium
73,60,94,70,88,80,94,81,66,8,7,7.124,D,1,,,,,yes,excellent
81,79,87,79,71,84,81,61,71,7,3,7.267,E,1,,,,,no,poor
60,77,90,94,94,84,70,64,86,3,1,8.9,D,0,,,,,yes,excellent
78,62,85,92,67,76,74,71,76,2,7,5.4,E,0,,,,,yes,medium
91,76,85,64,88,90,87,88,69,8,1,4,D,0,,,,,no,poor
92,69,62,67,83,74,94,66,77,9,8,6.7,E,5,,,,,yes,poor
81,64,61,82,76,71,73,74,65,7,1,6.4,D,2,,,,,no,poor
78,90,65,84,82,75,76,65,82,2,5,,B,0,,,,,yes,medium
83,67,76,86,85,68,89,93,94,8,8,,B,0,,,,,no,poor
69,91,87,70,86,91,89,81,71,8,1,,S,5,,,,,no,excellent
63,93,69,61,82,74,87,84,65,6,4,9,B,5,,,,,yes,poor
77,86,67,84,90,77,93,66,83,6,4,7.6,S,9,,,,,no,excellent
69,72,60,62,66,94,68,78,69,6,1,7.3,B,3,,,,,yes,medium
73,90,75,66,86,61,81,94,71,6,3,4.7,A,3,,,,,yes,medium
65,73,66,77,61,92,72,63,90,4,7,4.7,B,5,,,,,yes,excellent
77,70,87,80,70,86,93,66,67,8,7,4,A,7,,,,,no,excellent
64,67,79,71,71,64,67,93,67,7,1,6.5,B,6,,,,,no,medium
67,86,84,70,76,61,66,70,81,1,2,6.5,S,2,,,,,yes,excellent
83,68,92,77,60,85,74,61,62,6,6,4.8,E,5,,,,,no,excellent
81,60,86,85,78,62,81,63,69,3,2,7.36,S,7,,,,,yes,excellent
88,76,66,84,61,65,61,70,78,7,3,7.57,F,8,,,,,no,medium
72,76,78,91,72,62,64,62,62,7,4,5.27,F,5,,,,,no,excellent
85,89,78,83,66,85,79,75,81,3,7,7.62,E,2,,,,,yes,poor
90,80,80,62,81,68,60,64,69,9,1,8,D,5,,,,,no,poor
69,82,79,79,93,74,94,89,62,7,3,7.88,D,5,,,,,no,excellent
66,93,73,82,70,74,90,63,91,2,6,8.05,D,9,,,,,no,medium
87,69,65,79,72,66,64,60,66,7,3,7.2,A,3,,,,,no,excellent
83,74,60,88,86,63,89,62,84,3,5,7.27,A,2,,,,,no,medium
60,82,79,84,80,81,73,90,82,9,6,7.3,S,7,,,,,no,medium
71,93,70,64,69,60,73,94,80,1,6,6.6,A,6,,,,,no,excellent
89,92,74,87,67,63,92,70,70,4,3,6.68,D,3,,,,,yes,medium
91,75,79,69,60,73,70,76,73,7,8,6.75,D,2,,,,,yes,excellent
61,65,75,88,72,60,68,76,62,6,2,6.92,E,6,,,,,yes,poor
83,68,60,88,81,62,67,63,76,5,5,6.98,S,2,,,,,no,excellent
93,87,78,88,73,68,94,76,81,7,8,7.03,D,7,,,,,yes,medium
66,88,71,65,78,84,65,69,65,3,1,6.76,E,6,,,,,no,excellent
65,79,64,84,79,74,76,74,64,7,3,6.63,D,1,,,,,no,medium
83,84,82,60,88,93,92,85,84,2,9,6.77,F,4,,,,,yes,poor
91,83,62,89,87,94,84,75,63,8,1,6.95,B,7,,,,,yes,excellent
84,67,93,64,76,62,81,74,94,3,8,8.4,F,1,,,,,no,excellent
90,74,80,69,70,70,93,92,67,1,7,8.8,B,6,,,,,yes,medium
79,80,66,73,87,87,60,80,87,1,1,8.1,F,1,,,,,yes,excellent
82,79,76,70,66,65,89,73,64,2,1,8.5,B,7,,,,,no,poor
77,92,64,67,82,81,94,73,80,2,7,9.4,D,8,,,,,no,excellent
94,85,68,74,60,72,67,78,88,7,9,9.4,E,4,,,,,no,excellent
86,89,67,74,73,74,81,76,91,5,9,7.5,S,4,,,,,yes,medium
63,87,86,92,70,84,63,60,93,3,1,4.8,A,4,,,,,yes,excellent
74,76,75,91,76,72,93,84,83,1,9,8.4,S,8,,,,,no,medium
65,68,73,70,79,80,92,79,89,2,6,8.4,E,8,,,,,yes,excellent
92,81,75,77,74,63,94,92,62,8,6,7.9,F,5,,,,,yes,excellent
74,73,78,88,72,66,69,67,92,6,8,6.4,A,9,,,,,no,poor
85,88,64,78,82,71,65,76,66,8,7,6.8,B,3,,,,,yes,medium
63,64,77,84,63,90,83,90,89,9,1,5.7,C,6,,,,,yes,medium
61,69,65,64,91,82,86,66,68,2,4,5.4,D,3,,,,,no,excellent
60,84,74,93,76,86,85,91,75,9,6,5.1,B,1,,,,,yes,poor
92,89,79,85,71,72,86,65,88,4,8,8.8,C,8,,,,,no,poor
76,63,62,86,87,89,92,80,63,2,7,,D,8,,,,,yes,poor
87,94,90,84,74,85,85,73,64,9,2,,E,7,,,,,no,excellent
67,87,75,76,83,74,83,94,60,3,5,,,9,,,,,yes,poor
69,88,82,76,65,85,81,84,76,2,8,8.6,,6,,,,,yes,excellent
72,63,80,65,89,92,74,68,67,3,4,8.5,,3,,,,,yes,poor
88,68,84,83,87,73,60,71,90,7,3,8.4,B,1,,,,,no,poor
60,93,83,82,85,93,84,83,65,2,5,8.3,C,2,,,,,yes,medium
66,77,78,79,85,80,92,68,73,8,2,6.2,D,2,,,,,yes,excellent
64,63,84,93,92,77,82,84,84,6,6,6.45,E,1,,,,,no,excellent
74,71,63,73,72,77,61,64,73,1,4,6.07,F,2,,,,,no,poor
90,89,81,86,79,82,88,69,89,4,9,8.16,D,6,,,,,yes,poor
62,71,78,87,74,93,77,62,82,9,1,7.36,E,6,,,,,no,poor
60,80,88,88,76,83,70,77,67,5,8,7.57,D,9,,,,,yes,medium
92,75,74,64,91,89,60,84,74,8,1,5.27,E,4,,,,,no,medium
77,82,77,68,70,61,89,87,89,4,1,7.62,F,3,,,,,no,excellent
76,65,84,75,85,90,73,86,94,8,6,8,C,8,,,,,no,medium
71,75,76,77,71,82,65,78,93,3,6,7.88,D,1,,,,,no,poor
69,63,74,77,63,73,77,65,65,9,3,8.05,C,9,,,,,no,poor
64,80,69,60,92,67,84,78,76,7,3,7.2,F,2,,,,,yes,medium
72,68,85,84,64,80,63,92,64,3,2,7.27,D,5,,,,,yes,medium
91,78,84,65,69,90,75,82,85,7,9,7.3,E,6,,,,,no,poor
62,88,76,82,90,87,78,68,89,8,4,6.6,A,7,,,,,yes,medium
61,90,65,71,66,90,60,91,60,1,2,6.68,C,3,,,,,no,poor
87,90,90,80,67,89,63,61,64,3,2,6.75,A,5,,,,,yes,medium
60,94,91,76,79,92,94,92,90,4,9,6.92,S,7,,,,,yes,medium
60,72,88,83,93,77,70,74,83,7,6,6.98,D,8,,,,,no,poor
75,75,90,68,62,82,63,91,84,8,6,7.03,C,3,,,,,no,poor
66,89,91,69,79,73,83,69,77,3,5,6.76,A,2,,,,,yes,excellent
64,91,60,68,91,84,79,91,83,1,8,6.63,S,1,,,,,yes,excellent
80,63,78,78,71,64,64,83,93,2,3,6.77,D,7,,,,,yes,poor
66,67,94,93,62,62,87,67,69,1,4,6.9,E,9,,,,,no,poor
85,81,85,88,64,76,88,82,65,2,6,7.7,S,2,,,,,yes,medium
84,92,64,76,86,63,68,64,81,7,4,7.1,C,8,,,,,no,poor
74,80,83,79,89,79,71,75,60,8,8,8.2,D,1,,,,,yes,excellent
61,74,93,84,79,66,80,93,94,9,8,8.3,E,7,,,,,yes,medium
64,81,78,92,72,82,70,92,83,5,6,5.1,C,1,,,,,no,medium
79,70,91,84,66,67,69,78,91,8,9,5.4,B,4,,,,,no,medium
85,92,61,93,74,91,68,70,91,1,7,5.3,B,4,,,,,no,poor
94,69,81,79,90,78,88,74,86,2,7,7.9,F,9,,,,,yes,medium
88,67,68,72,73,68,87,79,73,4,2,5.4,E,5,,,,,yes,poor
90,87,73,76,64,83,69,92,61,7,4,5.1,D,2,,,,,no,medium
76,81,77,82,79,85,92,84,73,9,8,8.8,E,5,,,,,yes,poor
73,69,78,75,90,65,86,75,93,4,3,8.8,F,2,,,,,no,medium
92,68,75,66,79,88,92,72,69,8,4,8.8,S,5,,,,,no,poor
88,62,78,61,69,62,86,65,75,4,2,5.2,A,3,,,,,yes,poor
69,72,80,78,92,91,76,74,77,2,3,8.2,S,1,,,,,yes,medium
84,65,76,72,91,91,61,92,67,8,5,8.6,D,5,,,,,yes,excellent
89,80,70,60,60,72,88,63,87,9,9,8.9,E,1,,,,,no,excellent
89,65,86,78,70,70,65,89,70,7,7,7.2,,7,,,,,yes,medium
67,63,70,78,80,64,94,73,81,8,1,6.3,C,7,,,,,yes,poor
91,87,73,64,65,66,74,80,91,6,6,7.7,S,9,,,,,yes,poor
94,67,72,81,90,93,93,84,88,9,5,8.7,E,6,,,,,no,excellent
80,66,67,62,89,91,87,90,62,8,5,9,,1,,,,,yes,poor
72,72,67,80,68,72,87,65,84,2,6,8,D,2,,,,,no,excellent
65,82,71,92,69,71,68,74,88,1,2,7,B,4,,,,,yes,poor
79,68,69,70,91,91,77,80,90,4,4,7.6,B,5,,,,,yes,poor
91,65,84,76,81,77,75,94,70,1,4,6.7,C,2,,,,,no,medium
81,66,79,77,90,64,87,85,94,7,1,5.6,S,5,,,,,yes,poor
86,65,85,61,79,75,69,90,89,3,7,6.5,A,9,,,,,no,poor
91,80,79,78,82,71,89,62,63,7,8,7.5,S,5,,,,,yes,excellent
60,81,64,73,74,86,86,85,60,7,1,7.3,C,1,,,,,no,medium
80,90,86,64,71,70,89,84,81,1,5,9.3,B,9,,,,,no,poor
89,63,83,87,69,71,74,82,61,6,8,9.4,D,4,,,,,yes,poor
92,72,79,83,79,88,76,78,67,5,8,5.4,E,4,,,,,no,excellent
64,61,68,85,69,83,76,86,77,9,6,9.7,S,7,,,,,yes,medium
91,69,88,78,77,86,71,72,69,4,8,7.2,A,5,,,,,yes,poor
67,93,75,85,94,92,87,67,74,6,2,6.9,C,5,,,,,no,excellent
66,77,87,65,87,71,66,68,83,7,5,7.7,F,8,,,,,yes,excellent
80,78,60,91,80,75,80,63,69,7,3,7.1,S,4,,,,,no,excellent
94,90,69,64,67,86,94,72,84,7,9,8.2,A,4,,,,,no,poor
76,85,85,91,79,74,84,73,85,9,6,8.3,B,4,,,,,yes,excellent
77,73,82,70,78,73,76,87,74,7,5,5.1,C,4,,,,,yes,poor
89,78,75,62,86,76,93,82,70,8,9,5.4,E,7,,,,,no,excellent
93,89,80,80,86,94,66,65,77,8,3,5.3,C,2,,,,,no,poor
93,60,82,77,79,74,73,64,84,4,9,7.9,S,9,,,,,no,poor
71,62,69,86,74,85,62,74,90,7,6,5.4,A,2,,,,,no,excellent
92,87,88,61,67,87,82,62,87,4,3,5.1,D,5,,,,,yes,medium
87,69,94,83,67,81,76,60,70,1,5,8.8,F,9,,,,,no,excellent
77,63,80,81,82,81,80,81,71,8,1,8.8,,6,,,,,no,medium
70,60,80,69,65,84,88,87,69,3,8,8.8,C,5,,,,,yes,medium
91,67,92,74,93,88,80,71,69,1,9,5.2,B,2,,,,,no,medium
65,78,66,81,84,72,90,70,84,6,6,8.2,C,9,,,,,no,excellent
60,74,89,82,61,76,69,60,67,4,1,8.6,S,9,,,,,no,poor
61,60,90,93,77,82,68,91,83,4,2,8.9,E,1,,,,,no,excellent
87,71,81,94,79,77,75,76,69,1,9,7.7,E,8,,,,,no,poor
90,64,60,88,60,62,88,74,67,8,8,7.6,A,8,,,,,yes,poor
61,68,67,69,91,69,66,65,71,9,9,7.5,C,2,,,,,yes,medium
76,60,90,64,71,69,63,70,69,2,1,8.9,B,1,,,,,no,medium
92,74,60,65,92,92,94,63,77,1,4,8.6,C,1,,,,,yes,medium
77,71,74,61,76,67,88,86,84,5,7,8.6,D,4,,,,,no,poor
72,71,92,81,77,93,88,70,84,7,2,8.5,E,3,,,,,no,excellent
64,65,88,83,87,64,67,86,79,3,8,8.7,D,5,,,,,no,poor
69,73,89,94,74,70,73,76,74,4,2,7,A,3,,,,,no,poor
64,93,85,70,80,89,67,86,94,7,6,6.6,S,9,,,,,no,poor
73,65,79,70,66,73,71,73,66,8,9,6.7,B,3,,,,,no,medium
74,91,88,82,82,77,66,78,73,3,9,8.7,C,5,,,,,no,medium
60,92,79,85,69,72,66,62,64,4,9,8.8,D,1,,,,,no,medium
90,61,91,76,75,85,90,81,87,7,8,8.9,E,5,,,,,no,excellent
63,87,62,83,76,94,89,61,79,4,7,9,C,7,,,,,yes,excellent
63,91,72,72,92,85,62,81,69,7,7,9.1,S,9,,,,,yes,excellent
67,91,71,78,75,81,65,87,68,5,3,7.4,S,2,,,,,yes,poor
69,72,83,85,62,90,62,67,75,9,8,8.1,S,2,,,,,yes,excellent
94,66,77,61,69,71,61,61,73,6,6,8.4,A,2,,,,,yes,medium
88,90,92,89,73,84,67,85,76,8,5,8.5,A,5,,,,,yes,poor
71,74,82,85,83,62,62,77,64,8,8,7.9,B,8,,,,,yes,poor
80,79,78,80,66,94,73,83,62,1,1,8.7,C,8,,,,,yes,medium
62,92,82,70,79,60,88,88,74,3,1,8,B,5,,,,,yes,medium
86,67,76,75,81,61,86,67,67,9,9,8.8,C,7,,,,,yes,excellent
72,65,71,81,76,76,71,75,76,1,2,8.6,D,6,,,,,yes,excellent
67,84,73,69,94,67,92,82,79,6,3,9,E,5,,,,,no,poor
61,64,72,67,85,94,92,94,79,7,6,,F,3,,,,,no,excellent
71,71,83,77,73,61,86,80,73,6,9,,F,2,,,,,no,excellent
83,88,74,63,79,73,73,63,86,2,3,9.6,A,,,,,,no,medium
81,89,65,94,85,74,84,67,68,6,3,7.6,S,,,,,,yes,excellent
83,65,84,80,82,91,69,75,89,2,2,6.4,E,,,,,,no,poor
64,86,65,67,69,74,66,89,89,8,2,6.8,D,1,,,,,no,excellent
66,72,72,70,61,86,78,77,72,3,3,8.9,E,1,,,,,no,poor
83,81,61,81,79,63,61,88,83,1,6,7.6,D,1,,,,,yes,poor
71,89,91,88,84,78,89,77,62,8,9,7.7,B,1,,,,,yes,excellent
93,81,63,85,66,82,67,89,72,4,6,7.5,C,1,,,,,yes,poor
75,66,85,74,74,93,72,92,93,4,5,7.4,B,2,,,,,yes,poor
69,92,80,85,86,73,88,73,68,8,2,7.4,C,1,,,,,no,poor
71,75,79,83,75,74,61,84,69,6,8,7.3,B,2,,,,,yes,medium
62,75,67,63,89,80,65,92,88,5,9,8.3,B,1,,,,,yes,excellent
73,74,92,71,67,85,93,60,91,2,4,8.5,B,2,,,,,no,poor
73,68,82,88,61,91,71,76,70,3,2,7.6,C,1,,,,,yes,poor
85,67,68,60,80,68,87,94,60,7,4,5.5,D,2,,,,,no,excellent
81,82,83,86,70,72,93,93,83,9,3,7.6,C,55,,,,,yes,excellent
88,74,83,80,71,85,89,83,82,8,4,,C,5,,,,,no,medium
82,66,89,70,72,70,91,61,76,7,5,9.5,A,5,,,,,no,medium
81,80,70,90,88,75,91,93,73,5,9,,A,4,,,,,no,medium
64,61,63,84,63,82,66,68,63,8,1,6.6,S,4,,,,,no,poor
67,90,66,63,87,90,91,88,75,9,7,7.7,F,6,,,,,yes,poor
86,86,62,62,60,79,90,69,85,7,8,7.5,F,6,,,,,no,medium
68,86,73,88,94,80,63,61,61,7,4,8.6,C,2,,,,,yes,excellent
63,78,92,84,89,66,75,73,69,1,2,8.4,B,2,,,,,no,poor
66,67,77,90,70,85,92,79,65,8,1,8.3,C,2,,,,,yes,medium
62,78,75,82,69,71,74,75,62,3,4,8.4,B,3,,,,,yes,poor
64,84,90,86,83,94,83,76,89,4,2,8.2,C,5,,,,,no,poor
71,80,84,92,66,92,73,67,64,8,1,8.1,B,6,,,,,no,medium
60,61,79,90,66,74,91,68,69,7,7,8.2,B,5,,,,,no,poor
83,61,93,81,76,79,86,76,78,9,5,,B,6,,,,,yes,excellent
73,88,69,71,81,71,88,66,62,7,3,7.6,B,5,,,,,no,medium
90,75,88,84,75,80,86,76,90,3,6,6.6,C,6,,,,,yes,excellent
72,67,85,81,79,92,78,65,77,1,4,6.5,D,5,,,,,yes,medium
65,68,80,65,85,93,87,65,71,9,4,5.6,D,6,,,,,no,excellent
65,88,61,72,74,84,81,63,89,9,8,6.2,D,8,,,,,no,excellent
90,60,87,65,75,90,67,60,71,6,7,6.1,E,8,,,,,yes,excellent
67,81,80,76,82,85,77,65,81,9,1,6.3,S,8,,,,,no,medium
77,93,61,65,74,81,89,71,85,4,9,,S,8,,,,,no,poor
88,94,73,87,64,89,79,93,65,5,9,7.3,S,7,,,,,yes,poor
72,84,78,92,93,80,85,74,71,1,2,7.32,S,5,,,,,yes,medium
83,79,88,75,62,70,68,91,63,5,1,7.43,S,6,,,,,no,poor
89,89,74,66,69,83,71,89,67,2,7,7.71,S,5,,,,,yes,poor
72,63,74,68,69,67,94,76,79,7,2,8.32,C,8,,,,,yes,excellent
69,60,77,94,70,92,67,67,80,4,2,8.3,C,8,,,,,no,poor
60,91,61,88,85,75,66,94,93,8,7,8.2,C,8,,,,,no,poor
68,67,89,94,83,70,64,88,89,7,8,8.5,C,3,,,,,no,excellent
78,88,77,67,86,90,67,75,70,8,8,7.5,C,3,,,,,yes,medium
78,62,71,84,83,82,69,86,69,4,3,6.4,C,9,,,,,no,excellent
78,78,67,71,78,81,71,84,93,7,6,,E,5,,,,,no,medium
65,76,70,91,70,60,67,91,76,2,5,6.8,E,6,,,,,yes,excellent
91,84,61,86,79,86,87,66,62,6,5,6.9,E,5,,,,,yes,excellent
78,83,83,63,80,69,63,64,70,7,5,7.1,E,7,,,,,no,poor
70,78,71,69,68,86,93,81,87,2,1,7,E,5,,,,,no,excellent
78,76,88,88,64,84,61,61,77,4,8,6.5,F,4,,,,,yes,poor
94,93,88,66,91,77,63,75,79,1,8,6.3,F,,,,,,yes,excellent
88,86,62,77,93,65,75,62,92,1,3,7.2,F,,,,,,no,medium
80,87,93,73,64,71,84,83,69,3,5,6.7,B,7,,,,,yes,poor
61,78,87,91,62,93,76,90,85,9,8,6.9,B,7,,,,,no,excellent
69,60,61,67,76,93,91,62,69,1,9,6.5,A,5,,,,,yes,excellent
64,87,64,77,60,75,74,92,61,9,6,6.9,A,,,,,,yes,poor
94,76,61,90,71,69,67,67,80,1,1,7.2,A,1,,,,,yes,excellent
75,79,74,93,74,76,75,63,60,4,7,7,A,2,,,,,no,poor
94,82,91,79,66,65,68,76,90,4,3,7.5,B,2,,,,,yes,poor
67,89,86,88,81,71,93,61,85,6,8,7.6,B,5,,,,,no,excellent
65,77,76,74,86,90,64,93,78,8,3,7.8,D,6,,,,,yes,medium
94,80,64,63,89,65,86,64,67,8,5,7.8,D,2,,,,,no,excellent
69,85,84,90,93,86,65,65,63,6,6,,S,4,,,,,no,excellent
76,71,71,75,90,74,76,94,74,8,4,,S,2,,,,,yes,excellent
66,63,75,70,91,94,86,85,62,9,5,,F,4,,,,,no,poor
62,67,65,61,64,92,72,77,79,8,9,,F,,,,,,no,poor
79,88,74,91,72,79,93,67,85,6,4,,E,4,,,,,no,poor
92,79,80,60,83,90,63,83,94,6,8,,S,4,,,,,no,medium
77,91,60,86,84,62,90,84,93,5,3,6.55,S,4,,,,,no,medium
90,75,67,65,76,73,77,70,63,9,5,6.56,A,4,,,,,no,excellent
77,75,72,64,71,93,76,84,69,5,8,6.45,A,2,,,,,no,poor
72,88,68,73,65,69,80,89,82,5,4,6.07,A,2,,,,,yes,poor
94,94,94,68,77,90,73,78,77,2,8,8.16,C,3,,,,,no,medium
89,92,93,90,60,82,81,64,82,8,6,7.36,C,2,,,,,no,poor
68,83,83,62,61,72,70,79,80,8,1,7.57,C,12,,,,,yes,poor
89,82,60,83,89,65,60,68,71,5,3,5.27,C,3,,,,,no,poor
90,63,73,90,91,78,60,87,77,6,7,7.62,,11,,,,,no,medium
91,87,64,84,63,71,66,66,83,4,9,8,S,9,,,,,no,poor
67,75,82,81,92,62,80,67,91,6,3,7.88,D,5,,,,,no,medium
64,85,65,77,80,72,78,72,61,7,3,8.05,F,4,,,,,yes,excellent
61,88,66,86,60,64,84,79,67,6,7,7.2,E,2,,,,,no,excellent
78,85,65,86,80,74,65,79,87,5,3,7.27,E,3,,,,,yes,medium
94,94,81,74,92,63,94,85,60,7,1,7.7,B,5,,,,,yes,medium
76,92,73,70,60,84,76,83,62,8,6,7.4,B,6,,,,,yes,excellent
83,62,63,87,81,71,73,92,73,6,9,7.5,D,4,,,,,yes,excellent
65,67,91,62,88,62,67,64,69,4,4,7.3,E,5,,,,,yes,poor
88,76,80,94,89,74,74,86,86,2,5,7.4,D,6,,,,,yes,poor
63,86,69,67,86,60,71,91,91,3,5,7.3,E,11,,,,,no,poor
70,78,61,85,90,88,85,67,66,7,9,7.3,D,11,,,,,yes,excellent
65,81,92,61,64,87,76,71,65,8,7,7.4,F,9,,,,,no,excellent
66,91,62,64,62,89,60,94,83,4,6,7.8,D,5,,,,,yes,excellent
92,75,91,82,75,69,88,83,85,2,5,7.3,E,2,,,,,yes,excellent
84,79,79,77,72,91,65,83,82,5,5,7.2,S,4,,,,,yes,medium
77,81,85,60,73,86,78,81,77,9,6,7.3,D,6,,,,,yes,medium
66,85,79,63,88,88,64,80,83,8,7,7.3,S,7,,,,,no,medium
84,79,92,63,91,83,81,93,80,7,7,7.3,F,8,,,,,yes,excellent
64,61,76,66,80,90,91,91,90,4,1,7.9,D,2,,,,,yes,excellent
79,94,61,71,88,75,62,77,80,8,7,8.1,S,5,,,,,no,poor
86,74,85,90,67,78,89,71,89,6,2,,D,2,,,,,yes,excellent
65,82,60,83,84,68,63,84,70,9,3,6.5,F,5,,,,,yes,medium
81,64,85,93,69,64,66,71,65,6,7,6.9,S,2,,,,,yes,excellent
72,87,67,74,65,91,69,64,69,8,9,7.2,S,7,,,,,yes,medium
60,75,68,93,65,76,89,61,85,2,9,7,A,4,,,,,yes,medium
70,66,80,89,73,76,83,91,73,2,7,7.5,A,5,,,,,yes,excellent
68,65,64,83,87,75,66,84,73,8,1,7.6,C,5,,,,,no,medium
61,84,81,75,86,62,77,92,65,4,4,7.8,D,6,,,,,no,excellent
79,64,90,80,81,64,67,68,89,6,8,7.8,C,,,,,,yes,poor
68,81,75,67,82,81,65,71,90,4,1,7.7,D,,,,,,no,excellent
78,75,91,63,64,64,88,73,65,5,5,7.4,C,5,,,,,yes,excellent
74,71,85,68,68,82,66,67,69,3,2,7.5,D,2,,,,,yes,poor
82,83,66,82,66,66,77,66,66,2,7,7.3,B,2,,,,,yes,poor
71,75,64,82,69,89,70,62,76,5,2,7.4,B,5,,,,,yes,medium
82,65,64,73,80,64,64,61,73,4,1,7.3,F,4,,,,,no,excellent
65,74,75,73,90,61,66,66,69,8,2,7.3,E,2,,,,,no,excellent
74,85,90,87,94,82,78,86,62,2,3,7.4,F,3,,,,,no,excellent
60,85,68,90,76,86,91,68,94,7,9,7.8,F,6,,,,,no,medium
81,68,76,88,73,94,72,62,89,4,2,7.3,E,3,,,,,no,medium
64,73,82,90,90,81,70,71,79,1,6,7.2,D,6,,,,,no,excellent
73,91,94,80,73,82,77,80,72,7,6,7.3,S,3,,,,,no,excellent
76,85,87,71,90,92,62,60,63,2,3,7.3,D,6,,,,,yes,poor
92,61,87,92,67,64,75,78,91,3,7,7.3,S,4,,,,,no,excellent
72,93,75,60,75,76,94,91,91,2,8,7.9,A,3,,,,,yes,poor
69,91,92,73,63,79,67,66,64,4,8,8.1,C,3,,,,,yes,medium
87,66,74,74,79,76,68,87,93,3,8,,D,7,,,,,yes,medium
64,84,67,70,75,80,86,60,69,5,4,7.2,E,5,,,,,no,excellent
85,94,77,84,68,72,72,81,90,5,6,7.3,B,6,,,,,yes,excellent
83,86,67,66,85,92,81,62,78,1,7,7.3,C,7,,,,,no,excellent
73,85,70,63,81,68,70,86,67,4,6,7.3,S,5,,,,,yes,medium
90,65,70,61,90,85,92,89,86,1,5,7.9,A,6,,,,,yes,poor
85,87,82,78,78,87,64,74,71,9,9,8.1,D,9,,,,,no,excellent
60,82,73,61,68,63,93,63,65,6,7,,C,9,,,,,no,excellent
73,61,68,60,77,65,90,69,66,7,9,,S,9,,,,,yes,excellent
92,64,88,89,70,71,67,79,79,5,1,,B,9,,,,,no,medium
74,82,74,71,80,73,94,87,74,6,4,,E,9,,,,,yes,medium
72,60,94,75,82,94,75,83,66,6,3,,F,5,,,,,yes,excellent
67,86,67,79,87,94,61,89,81,7,3,,A,2,,,,,yes,poor
75,87,61,81,79,61,83,92,83,1,6,,A,5,,,,,yes,excellent
89,73,63,63,71,81,85,64,64,4,7,,A,4,,,,,no,poor
63,77,91,60,84,62,86,72,94,6,9,6.8,D,6,,,,,no,medium
89,83,81,75,71,86,93,60,87,5,7,6.9,,6,,,,,yes,poor
68,73,86,67,74,79,84,62,80,9,2,7.1,S,6,,,,,no,excellent
75,72,87,87,75,91,78,91,81,8,4,7,D,3,,,,,yes,excellent
81,67,70,94,63,79,68,80,76,8,9,6.5,S,3,,,,,yes,poor
68,68,74,69,73,67,66,72,62,8,5,6.3,B,4,,,,,yes,medium
70,73,87,87,86,80,61,84,76,7,3,7.2,C,2,,,,,yes,poor
79,79,94,60,89,75,78,69,84,3,3,6.7,B,5,,,,,no,excellent
93,74,67,69,81,63,94,94,81,9,7,6.9,F,2,,,,,no,medium
79,64,65,87,66,80,90,67,83,2,8,6.5,C,1,,,,,yes,poor
88,92,62,94,84,70,67,94,79,6,5,6.9,C,7,,,,,no,medium
75,92,93,83,92,79,86,86,88,3,7,7.2,C,5,,,,,no,excellent
86,84,64,87,73,79,85,60,92,1,4,7,S,4,,,,,no,excellent
76,61,66,68,68,94,93,71,68,7,4,7.5,S,6,,,,,yes,poor
82,86,76,61,64,79,71,80,83,6,8,7.6,S,1,,,,,no,poor
76,63,86,90,72,60,76,77,66,9,6,7.8,,3,,,,,yes,medium
75,81,86,83,73,90,69,86,64,9,8,7.8,C,4,,,,,no,medium
85,60,91,68,65,61,71,89,63,9,4,,C,2,,,,,yes,excellent
84,60,93,65,94,66,62,88,83,1,3,,D,3,,,,,yes,medium
61,88,94,85,72,72,68,82,93,7,2,,E,8,,,,,no,excellent
93,63,79,65,79,81,80,62,84,8,2,,D,4,,,,,yes,medium
60,73,65,65,76,64,64,77,72,3,8,,D,6,,,,,no,medium
66,63,83,92,63,88,66,93,71,1,2,,D,2,,,,,yes,poor
71,92,84,67,94,86,80,85,87,7,4,6.8,D,2,,,,,no,poor
79,65,73,63,67,74,64,72,60,9,8,6.6,F,3,,,,,yes,poor
94,94,88,89,61,66,80,73,62,2,5,6.6,F,1,,,,,yes,medium
78,72,93,89,84,86,61,68,87,8,4,6.6,S,,,,,,no,excellent
61,93,66,90,78,94,71,62,77,7,6,6.6,S,5,,,,,no,poor
63,66,68,90,69,80,70,88,90,5,8,8,,2,,,,,no,excellent
64,83,60,69,75,62,65,93,82,8,9,8.6,S,1,,,,,no,excellent
71,93,70,89,68,72,77,61,87,1,5,8.4,A,3,,,,,no,medium
61,83,64,86,73,91,75,66,84,2,5,6.1,B,,,,,,no,excellent
71,79,69,89,62,92,62,89,79,3,6,7.1,B,4,,,,,yes,poor
83,65,80,83,73,77,83,67,91,7,6,7.3,B,7,,,,,yes,medium
82,89,84,73,84,62,76,82,94,8,1,8.4,B,6,,,,,yes,poor
60,85,94,87,83,69,64,63,77,1,7,7.8,B,5,,,,,no,poor
68,68,66,71,79,68,68,90,72,4,6,7.1,B,2,,,,,no,excellent
79,93,68,85,76,63,62,63,94,6,9,6.5,C,1,,,,,yes,medium
74,75,92,94,64,69,76,85,87,1,5,5.6,D,2,,,,,yes,medium
60,72,80,78,76,90,80,61,89,8,6,7.7,C,4,,,,,yes,poor
87,76,87,68,84,70,69,65,82,2,6,5.4,D,7,,,,,yes,poor
74,83,77,85,81,82,87,91,67,7,6,7.5,C,8,,,,,yes,excellent
72,75,94,88,76,67,86,65,92,3,4,7.6,D,5,,,,,yes,poor
70,68,92,68,87,94,92,75,83,4,3,7.6,D,9,,,,,yes,excellent
79,71,62,77,83,66,71,94,70,5,6,8.9,E,5,,,,,yes,excellent
83,60,88,83,82,77,75,92,67,6,9,8.4,C,6,,,,,no,excellent
70,90,84,63,70,71,94,77,85,2,8,8,S,3,,,,,no,medium
86,61,70,84,63,69,92,61,64,7,8,6.61,S,4,,,,,no,medium
88,86,67,81,85,60,62,85,85,6,6,6.56,A,7,,,,,yes,excellent
82,90,88,72,91,83,82,64,71,4,8,7.045,A,8,,,,,no,medium
70,93,78,65,81,86,81,82,92,3,3,7.633,A,5,,,,,yes,poor
93,78,62,61,61,92,83,77,67,5,5,7.124,A,11,,,,,yes,excellent
89,78,87,90,88,82,86,60,89,9,4,7.267,A,2,,,,,yes,medium
89,78,67,60,83,63,76,79,74,6,7,7.3,E,4,,,,,no,medium
72,80,65,94,73,65,91,70,79,8,7,7.84,E,5,,,,,yes,medium
68,75,78,65,65,81,69,64,84,6,5,7.367,F,8,,,,,yes,poor
89,84,65,65,73,75,65,91,88,8,9,7.85,F,5,,,,,yes,poor
67,75,60,61,87,75,76,79,92,1,2,7.367,D,5,,,,,no,poor
94,60,64,62,66,81,66,90,63,6,2,,F,,,,,,no,medium
78,68,75,62,81,79,85,72,65,9,4,6.8,D,1,,,,,yes,poor
70,73,73,69,76,84,64,90,60,2,5,6.9,S,5,,,,,no,excellent
93,84,87,61,89,85,75,85,90,1,4,7.1,D,2,,,,,no,excellent
72,74,92,80,86,71,77,91,64,6,1,7,F,9,,,,,no,medium
74,70,73,63,60,60,66,75,90,3,4,6.5,E,4,,,,,no,excellent
79,77,66,85,85,81,72,66,68,4,8,6.3,D,5,,,,,yes,excellent
93,87,80,66,82,73,75,76,94,9,5,7.2,C,6,,,,,yes,medium
90,85,67,81,76,70,81,90,92,8,9,6.7,B,7,,,,,no,medium
67,75,71,82,91,82,92,75,91,7,9,6.9,B,3,,,,,no,medium
63,80,80,82,84,63,61,75,88,9,9,6.5,B,2,,,,,yes,medium
93,92,70,93,73,80,66,79,64,8,4,6.9,B,3,,,,,no,excellent
71,69,61,88,65,72,61,79,90,9,5,7.2,C,4,,,,,no,medium
91,91,76,62,71,90,89,77,63,2,4,7,S,2,,,,,yes,excellent
72,68,81,80,75,65,66,87,91,2,7,7.5,E,5,,,,,yes,medium
65,80,61,68,77,79,78,81,94,7,7,7.6,D,6,,,,,yes,poor
61,70,66,61,72,77,82,85,68,2,8,7.8,S,3,,,,,no,medium
88,93,68,89,68,76,84,88,84,8,9,7.8,D,2,,,,,yes,poor
78,73,86,91,81,87,73,94,88,8,5,,D,6,,,,,yes,poor
67,92,93,86,72,79,93,60,81,1,1,,D,5,,,,,no,medium
61,70,70,90,66,69,68,92,90,5,5,,D,8,,,,,no,poor
73,88,91,71,73,61,68,91,70,2,3,7.3,D,9,,,,,no,poor
85,91,64,85,67,80,91,64,72,9,7,7.4,,9,,,,,yes,medium
91,79,94,73,89,80,65,94,64,4,3,6.7,,8,,,,,yes,poor
72,72,82,72,94,85,86,90,87,5,3,6.7,,9,,,,,no,medium
67,63,78,61,87,63,68,76,83,6,6,7.6,,1,,,,,yes,medium
83,78,81,77,87,89,73,85,64,7,9,7.6,,11,,,,,yes,medium
74,82,87,65,67,80,84,67,62,6,6,7.1,E,2,,,,,no,poor
86,61,82,76,69,63,80,90,85,1,9,6.4,S,5,,,,,no,excellent
93,75,83,91,70,62,90,88,83,4,1,6.8,A,6,,,,,no,excellent
76,90,62,86,70,80,62,62,78,3,8,7,S,3,,,,,no,poor
75,65,80,80,70,90,65,75,64,8,4,7.5,C,6,,,,,yes,poor
93,63,89,81,68,86,78,71,90,4,6,7,D,3,,,,,no,excellent
84,69,87,77,84,83,76,87,60,1,6,7,B,4,,,,,yes,medium
89,63,83,77,79,79,67,61,71,7,7,6.9,S,3,,,,,no,poor
70,72,94,77,86,77,84,75,73,6,3,6.7,C,5,,,,,yes,excellent
86,85,61,77,65,61,90,72,63,5,4,6.8,D,5,,,,,yes,excellent
75,71,77,62,83,88,89,82,87,7,4,6.4,S,2,,,,,yes,poor
66,69,62,82,81,88,67,68,73,5,5,7.6,A,3,,,,,no,poor
72,80,74,76,65,68,86,71,93,2,8,5.9,C,4,,,,,yes,poor
78,86,74,70,93,90,77,92,84,3,7,5.3,E,5,,,,,yes,poor
77,60,70,84,92,68,88,88,60,6,6,6.4,F,2,,,,,yes,excellent
92,60,70,66,86,61,78,75,89,6,1,6.61,D,5,,,,,yes,excellent
65,80,85,91,74,82,62,85,88,9,9,6.56,C,2,,,,,yes,poor
90,67,75,78,62,77,83,84,84,7,3,7.045,B,,,,,,no,medium
62,82,93,61,67,63,78,85,73,1,7,7.633,S,1,,,,,yes,medium
65,80,72,90,88,75,82,77,80,9,3,7.124,D,2,,,,,no,excellent
76,93,66,69,78,62,63,94,78,3,9,7.267,E,3,,,,,no,excellent
62,75,69,82,69,84,87,61,71,7,2,7.3,A,3,,,,,yes,excellent
82,94,74,66,72,63,93,71,94,9,2,7.84,C,4,,,,,no,medium
86,61,62,88,68,61,77,75,69,1,7,7.367,F,5,,,,,no,medium
94,70,62,86,79,85,86,90,84,3,1,7.85,D,5,,,,,no,poor
67,70,86,83,60,83,84,65,80,6,3,7.367,E,6,,,,,no,medium
72,69,79,81,86,78,77,68,92,7,2,6.5,D,7,,,,,no,medium
91,90,72,61,90,89,94,93,76,7,9,7.1,S,9,,,,,yes,excellent
93,71,63,71,76,82,85,80,93,9,7,7.5,B,4,,,,,yes,medium
88,72,92,63,86,75,62,91,65,4,5,7.4,C,9,,,,,yes,excellent
73,61,72,88,81,91,74,87,86,9,9,6.7,D,4,,,,,no,excellent
66,76,90,61,63,84,62,67,75,3,1,7.5,E,5,,,,,yes,medium
61,73,74,74,75,75,65,82,65,1,5,6.3,S,8,,,,,yes,poor
65,87,83,87,88,90,78,94,63,2,6,7.8,A,8,,,,,no,medium
87,80,68,77,80,72,72,68,60,1,6,7.9,C,8,,,,,no,poor
92,68,62,69,70,83,86,65,68,2,2,7.7,D,5,,,,,yes,excellent
77,76,66,79,65,75,90,90,66,6,5,7.8,F,2,,,,,no,poor
80,92,76,83,62,92,72,83,83,7,5,7.3,F,6,,,,,no,poor
80,84,81,89,91,88,71,67,68,8,6,7.9,F,6,,,,,yes,excellent
81,68,86,83,91,70,89,76,93,4,2,7.6,E,6,,,,,no,medium
81,60,93,65,77,66,87,83,93,6,2,7.4,S,4,,,,,no,medium
65,83,76,64,83,91,69,74,66,5,6,7.7,S,5,,,,,yes,poor
92,69,85,68,75,63,65,75,69,3,6,7.6,E,4,,,,,yes,poor
85,62,84,74,66,89,74,70,66,8,9,7.4,E,5,,,,,yes,poor
67,67,80,64,86,74,91,83,74,2,1,7.7,E,4,,,,,no,poor
78,87,72,90,94,78,79,64,87,3,9,7.4,E,5,,,,,no,medium
88,79,89,81,85,87,86,71,93,9,2,7.5,A,7,,,,,no,excellent
79,92,94,76,63,72,91,81,67,5,6,7.3,A,7,,,,,no,medium
81,67,73,87,86,91,68,62,80,2,7,7.4,A,7,,,,,no,excellent
93,71,70,89,83,77,63,80,74,4,7,7.3,A,5,,,,,yes,medium
74,86,61,82,78,69,86,61,61,1,8,7.3,A,2,,,,,no,medium
69,91,94,77,83,64,77,91,73,3,6,7.4,B,6,,,,,no,excellent
79,63,80,83,66,82,82,87,72,7,3,7.8,D,2,,,,,no,poor
77,72,91,62,85,87,79,73,94,5,5,7.3,C,6,,,,,yes,excellent
72,69,78,73,64,62,75,61,72,2,3,7.2,D,4,,,,,no,poor
72,88,89,64,69,92,79,68,89,8,9,7.3,D,6,,,,,yes,excellent
74,63,76,76,72,75,81,88,88,9,1,7.3,D,3,,,,,yes,poor
90,91,63,75,86,69,76,90,85,4,9,7.3,D,3,,,,,yes,medium
71,73,92,89,69,60,60,81,72,5,1,7.9,C,8,,,,,yes,excellent
62,63,87,77,68,72,87,82,61,1,7,8.1,C,9,,,,,yes,medium
85,85,73,66,64,65,91,70,62,2,3,,E,,,,,,yes,medium
81,93,70,91,94,67,75,61,76,5,2,6.8,E,9,,,,,yes,poor
87,61,60,66,76,87,79,94,61,4,1,6.9,E,4,,,,,no,medium
61,77,79,71,80,85,68,81,70,7,4,7.1,E,11,,,,,no,medium
86,68,72,66,89,85,77,83,86,8,7,7,B,2,,,,,no,excellent
65,89,69,64,92,65,79,81,84,3,6,6.5,B,5,,,,,no,poor
62,86,91,63,70,70,63,74,78,9,5,6.3,D,2,,,,,yes,poor
89,77,80,75,85,81,79,61,69,6,4,7.2,S,52,,,,,no,poor
78,75,64,80,88,92,67,83,66,9,5,6.7,S,5,,,,,yes,excellent
82,81,82,61,89,91,65,65,82,5,7,6.9,F,2,,,,,no,medium
78,60,93,63,89,72,65,69,86,3,4,6.5,F,5,,,,,yes,poor
80,81,63,74,75,91,80,80,70,2,5,6.9,E,2,,,,,yes,poor
80,63,86,90,61,68,66,61,72,4,6,7.2,D,7,,,,,yes,excellent
66,77,85,65,91,63,78,89,70,4,4,7,E,5,,,,,yes,poor
93,82,90,80,81,69,60,77,87,7,1,7.5,C,4,,,,,no,excellent
90,74,94,76,68,77,61,84,88,7,7,7.6,,2,,,,,yes,poor
80,75,87,89,68,79,62,88,60,9,7,7.8,,,,,,,yes,medium
88,85,76,91,69,67,63,78,79,4,8,7.8,C,2,,,,,yes,poor
62,68,66,81,82,85,74,64,92,4,5,6.8,S,3,,,,,yes,excellent
83,67,72,81,65,77,77,74,90,2,7,6.9,D,5,,,,,no,excellent
70,75,61,87,64,79,76,66,92,4,1,7.1,C,3,,,,,yes,excellent
72,76,77,72,60,64,70,89,73,3,7,7,D,2,,,,,no,poor
88,80,84,63,76,71,68,74,70,3,9,6.5,D,4,,,,,yes,medium
81,85,94,94,88,88,94,66,68,9,3,6.3,S,4,,,,,yes,poor
88,63,82,68,63,84,89,66,87,9,8,7.2,S,4,,,,,yes,poor
74,80,89,67,79,67,65,66,80,8,3,6.7,A,4,,,,,no,medium
78,67,82,75,72,60,75,83,68,2,4,6.9,A,5,,,,,no,excellent
88,80,82,91,77,68,61,91,72,3,7,6.5,B,6,,,,,yes,medium
79,74,60,69,62,89,69,90,92,6,1,6.9,B,8,,,,,no,excellent
71,81,90,92,71,84,67,66,63,7,7,7.2,D,9,,,,,no,medium
68,93,76,93,89,76,84,65,67,4,9,7,S,8,,,,,yes,poor
77,80,61,67,83,67,61,81,81,1,8,7.5,F,5,,,,,no,poor
64,77,77,71,84,60,66,74,62,5,4,7.6,F,3,,,,,yes,medium
63,64,61,64,69,89,64,93,87,1,9,7.8,E,4,,,,,yes,poor
85,78,63,86,82,82,85,69,86,6,7,7.8,E,4,,,,,no,medium
60,64,84,67,69,89,67,64,91,5,2,7.3,C,6,,,,,yes,excellent
79,82,68,84,69,87,81,64,93,1,6,7.4,C,7,,,,,yes,poor
73,73,81,85,71,67,92,70,91,8,5,6.7,S,9,,,,,no,excellent
71,79,83,94,83,82,63,88,64,7,4,6.7,S,8,,,,,yes,excellent
65,94,80,71,91,61,85,91,66,6,9,7.6,A,3,,,,,yes,poor
71,84,82,79,68,94,92,66,93,5,8,7.6,A,4,,,,,yes,poor
91,82,69,74,69,63,94,83,88,5,7,7.1,B,2,,,,,no,poor
72,70,92,76,86,69,83,74,94,9,6,6.4,B,11,,,,,no,excellent
75,64,71,91,79,62,86,67,71,3,7,6.8,D,9,,,,,no,excellent
94,82,75,86,83,61,93,77,62,8,5,7,D,2,,,,,yes,poor
75,69,83,63,86,85,93,93,66,4,9,7.5,A,5,,,,,yes,medium
87,89,87,61,62,82,66,60,67,4,7,7,A,3,,,,,no,poor
71,72,93,67,91,84,67,92,64,1,8,7,C,4,,,,,yes,poor
83,78,89,82,82,74,82,84,62,5,7,6.9,C,6,,,,,no,excellent
67,77,77,81,94,81,87,67,64,3,5,6.7,D,,,,,,no,poor
66,84,75,82,64,90,77,64,63,9,4,6.8,D,7,,,,,no,medium
63,76,62,93,69,89,80,79,84,9,4,6.4,E,2,,,,,no,excellent
76,86,90,93,75,86,64,67,61,3,2,7.6,E,5,,,,,yes,medium
90,77,67,75,67,71,63,91,77,4,5,7.5,C,4,,,,,no,medium
79,76,74,89,61,69,79,76,85,1,8,7.4,C,7,,,,,yes,poor
91,62,74,87,66,93,63,70,62,1,3,6.9,S,5,,,,,no,medium
73,75,94,85,84,65,69,81,79,6,9,6.8,A,6,,,,,yes,excellent
92,73,61,70,93,70,85,61,80,5,1,6.8,,5,,,,,no,medium
65,76,78,94,92,64,94,94,82,5,2,6.9,D,3,,,,,yes,poor
63,64,86,81,82,71,87,62,74,4,7,7.6,C,8,,,,,yes,excellent
78,63,63,63,94,85,89,92,63,4,1,7.7,S,4,,,,,no,medium
68,93,61,93,76,71,60,76,91,5,4,7.6,A,1,,,,,no,excellent
82,67,93,94,93,79,78,64,64,5,5,7.6,C,7,,,,,no,excellent
68,68,90,92,61,77,78,80,62,5,7,7.1,D,6,,,,,no,poor
87,67,82,92,67,67,83,68,94,9,3,7.7,A,9,,,,,yes,poor
89,80,63,63,75,62,87,67,69,3,8,7,C,2,,,,,yes,excellent
78,65,88,64,68,60,83,77,75,3,7,7.2,D,3,,,,,no,poor
73,74,68,87,93,73,81,69,90,5,3,6.7,S,6,,,,,yes,poor
61,70,84,66,73,70,82,81,64,7,3,7.3,A,9,,,,,no,excellent
73,86,68,69,60,85,81,91,60,6,8,8,C,3,,,,,yes,excellent
76,78,73,76,91,69,83,85,64,2,1,6.8,E,3,,,,,no,excellent
73,88,85,80,74,74,84,68,72,5,9,6.9,F,2,,,,,no,excellent
71,71,75,61,90,84,63,92,91,7,6,7.2,F,2,,,,,no,excellent
74,77,60,73,78,90,60,76,87,8,6,7.4,D,3,,,,,no,medium
87,94,66,88,83,90,84,93,90,5,7,7.1,S,6,,,,,no,excellent
73,82,79,62,83,66,70,60,64,2,2,6.9,S,9,,,,,yes,medium
68,90,78,87,71,93,92,89,81,5,2,7,S,6,,,,,no,medium
87,66,69,80,90,88,81,60,83,5,6,7.7,B,5,,,,,no,excellent
81,72,76,74,62,86,74,91,62,9,5,6.9,B,2,,,,,no,poor
73,81,85,71,86,77,91,62,89,3,2,6.6,E,8,,,,,yes,excellent
69,65,71,80,62,89,88,74,66,2,6,7.2,E,9,,,,,no,medium
68,60,62,90,60,78,82,80,79,7,5,6.8,E,4,,,,,yes,medium
66,73,86,71,88,78,85,90,82,6,9,6.8,E,2,,,,,no,medium
93,72,84,62,76,89,83,69,85,3,3,7.2,A,4,,,,,yes,excellent
94,94,86,91,80,93,73,71,90,2,1,7.1,D,3,,,,,yes,medium
80,91,63,87,80,90,87,85,78,6,4,7,C,4,,,,,no,excellent
92,70,61,63,88,72,77,71,79,2,5,7.6,E,5,,,,,yes,medium
92,81,85,78,67,78,71,70,87,7,2,6.8,C,9,,,,,no,medium
77,87,61,72,63,87,80,93,71,6,3,6.8,D,5,,,,,yes,excellent
65,64,75,67,70,65,66,82,90,1,3,6.9,C,4,,,,,yes,medium
73,93,68,73,82,78,88,84,78,4,1,7.9,,2,,,,,yes,poor
62,77,64,94,91,77,88,69,62,7,2,7.6,,5,,,,,yes,medium
61,79,79,85,83,85,92,80,63,1,6,7.4,S,9,,,,,yes,excellent
60,93,75,81,65,94,84,65,64,6,8,7.7,C,3,,,,,no,excellent
60,69,93,87,68,83,91,77,94,1,7,7.6,E,1,,,,,no,poor
82,68,84,87,86,87,62,70,94,7,9,7.4,B,8,,,,,yes,excellent
87,94,73,79,94,61,88,84,88,8,5,7.7,B,7,,,,,yes,poor
69,77,67,90,66,92,63,69,90,4,6,7.4,B,2,,,,,no,medium
70,74,89,76,69,76,84,82,82,4,4,7.5,B,3,,,,,yes,poor
67,78,80,89,75,63,89,60,88,4,2,7.3,F,8,,,,,yes,excellent
72,84,71,62,88,83,74,84,92,8,4,7.4,D,8,,,,,no,medium
85,83,65,69,84,85,79,75,88,8,4,7.3,D,1,,,,,yes,poor
73,83,81,92,93,92,93,67,66,5,6,7.3,E,,,,,,no,medium
87,67,63,64,60,68,94,74,84,9,4,7.4,E,,,,,,yes,poor
93,67,67,73,71,84,76,72,72,3,3,7.8,E,,,,,,yes,medium
85,76,93,89,60,65,81,84,91,6,8,7.3,E,5,,,,,yes,poor
86,81,61,78,73,88,71,61,69,3,7,7.2,S,2,,,,,yes,medium
88,73,81,61,63,76,62,93,79,1,1,7.3,S,6,,,,,yes,poor
83,91,91,85,71,73,77,94,74,8,7,7.3,S,9,,,,,no,excellent
71,88,76,79,65,91,68,75,72,8,1,7.3,A,8,,,,,no,poor
69,90,74,72,65,68,75,84,93,7,7,7.9,D,6,,,,,yes,excellent
90,79,71,86,75,88,76,87,92,9,1,8.1,F,8,,,,,yes,excellent
74,91,88,65,85,68,93,70,83,6,9,7.7,F,9,,,,,no,excellent
74,76,72,86,75,67,87,92,63,3,5,7.4,D,6,,,,,no,poor
65,84,84,86,86,65,78,69,80,1,7,7.5,D,6,,,,,yes,medium
86,69,88,85,66,64,70,92,86,2,5,7.3,E,5,,,,,yes,poor
62,80,88,61,94,68,72,65,74,2,6,7.4,E,6,,,,,no,poor
86,72,74,90,67,71,78,84,61,1,5,7.3,E,9,,,,,yes,poor
68,89,71,77,92,87,89,71,64,2,6,7.3,,9,,,,,yes,medium
77,66,75,84,91,62,78,74,78,6,7,7.4,,9,,,,,no,poor
79,92,78,75,83,62,63,81,66,6,7,7.8,D,7,,,,,yes,excellent
93,91,79,62,80,87,84,78,61,9,8,7.3,D,8,,,,,yes,medium
78,77,66,74,66,80,61,73,77,4,6,7.2,D,5,,,,,yes,excellent
84,70,72,69,77,77,62,86,65,3,1,7.3,F,4,,,,,yes,poor
73,82,81,73,88,78,70,64,75,8,4,7.3,F,2,,,,,yes,poor
79,76,85,83,93,61,61,67,75,1,4,7.3,F,3,,,,,no,medium
93,85,60,75,69,84,82,65,88,9,6,7.9,B,3,,,,,no,excellent
65,87,93,64,82,62,79,60,78,2,2,8.1,B,3,,,,,yes,medium
67,67,75,87,86,94,61,94,87,5,5,,B,2,,,,,yes,excellent
94,70,61,66,66,61,74,90,80,6,4,7.9,E,,,,,,no,excellent
94,82,62,75,76,71,63,65,74,7,1,7.7,E,5,,,,,no,excellent
90,92,92,83,81,84,66,81,89,3,7,7.8,S,2,,,,,yes,poor
81,68,82,93,79,73,85,87,84,5,3,7.3,S,5,,,,,no,excellent
73,66,71,73,60,87,61,73,88,7,5,7.9,S,3,,,,,no,excellent
77,73,66,74,73,71,88,74,76,8,8,7.6,A,2,,,,,yes,medium
77,77,63,63,90,64,78,93,69,3,8,7.4,A,5,,,,,yes,excellent
61,77,76,67,88,63,69,78,80,2,8,7.7,S,5,,,,,no,medium
70,89,93,68,92,94,60,63,75,1,3,7.6,D,8,,,,,yes,poor
67,80,70,63,62,62,83,71,74,7,5,7.4,S,,,,,,yes,medium
72,80,71,66,83,91,94,83,72,9,3,7.7,D,9,,,,,yes,medium
69,78,94,66,69,68,65,84,84,2,8,7.4,S,11,,,,,yes,medium
64,70,74,94,60,70,84,93,75,8,2,7.5,F,4,,,,,yes,medium
69,85,85,83,83,92,83,81,62,1,9,7.3,F,2,,,,,no,poor
75,78,92,76,89,85,89,77,62,7,8,7.4,F,5,,,,,yes,poor
75,84,83,69,75,71,70,79,64,1,1,7.3,B,6,,,,,yes,medium
61,67,63,83,89,78,73,88,82,4,4,7.3,B,8,,,,,no,poor
94,84,94,88,68,86,61,71,61,4,3,7.4,D,9,,,,,no,excellent
90,91,70,65,81,83,74,75,91,9,1,7.8,S,8,,,,,no,excellent
77,73,87,74,62,66,89,74,74,5,1,7.3,S,8,,,,,no,medium
62,80,92,88,74,69,82,71,92,2,1,7.2,E,0,,,,,yes,excellent
78,73,62,85,85,89,87,93,88,5,9,7.3,D,0,,,,,yes,excellent
93,87,87,81,74,63,82,85,74,2,4,7.3,F,0,,,,,yes,poor
76,70,90,67,91,93,77,83,66,5,3,7.3,D,0,,,,,no,poor
81,88,91,76,64,90,82,93,76,3,2,7.9,D,,,,,,no,poor
65,92,60,92,86,60,61,60,85,1,5,8.1,F,5,,,,,yes,medium
71,83,92,88,84,60,73,90,64,5,4,6.8,F,6,,,,,no,medium
90,72,91,62,65,85,86,82,67,1,9,6.9,E,6,,,,,no,excellent
81,64,90,85,75,82,83,93,80,7,9,7.1,E,6,,,,,no,medium
91,85,68,93,91,75,87,72,64,7,3,7,S,8,,,,,yes,excellent
89,73,70,65,67,67,60,71,94,9,4,6.5,S,4,,,,,yes,excellent
71,82,79,91,87,78,88,74,91,6,7,6.3,C,5,,,,,no,poor
63,62,85,78,78,89,88,79,87,1,7,7.2,C,2,,,,,no,medium
76,94,74,73,82,89,64,92,64,2,2,6.7,C,5,,,,,no,poor
75,84,64,68,90,74,82,88,78,4,7,6.9,C,5,,,,,no,excellent
61,91,74,61,79,69,92,74,84,5,4,6.5,B,2,,,,,no,medium
88,65,84,73,83,94,92,66,94,2,7,6.9,B,4,,,,,yes,medium
93,79,91,76,68,89,91,81,72,5,6,7.2,B,4,,,,,yes,medium
61,79,75,87,68,75,81,70,92,9,3,7,A,2,,,,,no,medium
74,77,83,65,71,69,68,91,67,5,3,7.5,A,,,,,,no,excellent
92,77,89,93,72,60,94,86,80,1,5,7.6,A,6,,,,,no,medium
66,81,89,68,75,72,77,83,80,9,7,7.8,C,3,,,,,yes,excellent
81,87,73,71,74,79,65,74,67,4,5,7.8,C,3,,,,,yes,medium
65,73,74,69,81,73,86,79,70,4,9,,C,3,,,,,yes,medium
66,81,63,71,63,64,72,83,68,7,3,7.5,C,3,,,,,no,excellent
65,63,64,68,69,71,64,82,84,5,7,7.4,E,7,,,,,yes,poor
63,80,88,61,79,80,60,81,72,5,3,6.9,E,4,,,,,yes,medium
60,69,70,65,71,91,90,73,83,8,5,6.8,E,9,,,,,no,excellent
83,77,70,61,67,78,60,72,76,4,7,6.8,E,9,,,,,yes,excellent
78,86,92,75,60,80,90,93,72,4,6,6.9,F,7,,,,,yes,excellent
86,65,93,85,84,91,82,94,92,4,2,7.6,F,6,,,,,no,poor
66,74,94,72,70,69,73,76,86,4,7,7.7,F,8,,,,,yes,excellent
60,82,91,62,75,84,73,91,71,7,3,7.6,F,4,,,,,yes,excellent
93,67,90,77,93,74,61,66,72,2,4,7.6,D,2,,,,,yes,medium
71,91,81,90,77,62,64,71,88,9,7,7.1,D,7,,,,,no,poor
78,94,72,69,74,71,75,91,87,2,2,7.7,D,11,,,,,no,excellent
87,61,88,61,89,74,81,81,92,5,6,7,S,2,,,,,no,medium
69,60,91,61,69,88,63,80,68,9,1,7.2,S,9,,,,,yes,medium
72,75,61,85,75,80,86,65,82,6,1,6.7,A,5,,,,,yes,medium
68,84,61,85,88,79,77,89,88,5,7,7.3,A,8,,,,,yes,poor
84,72,85,68,73,64,86,86,71,2,8,8,C,6,,,,,yes,poor
87,71,67,74,66,64,82,69,67,9,4,6.8,C,5,,,,,no,medium
91,80,81,60,93,72,80,69,62,9,3,6.9,D,8,,,,,no,medium
86,83,64,87,86,73,92,72,67,1,5,7.2,E,5,,,,,yes,excellent
64,60,77,87,89,70,81,92,72,8,7,7.4,E,6,,,,,yes,excellent
89,68,62,61,78,82,64,68,71,8,2,7.1,D,8,,,,,yes,medium
84,70,81,73,61,80,86,70,76,2,9,6.9,E,4,,,,,yes,excellent
74,67,76,93,89,68,79,63,74,1,4,7,D,5,,,,,yes,excellent
77,77,94,87,85,84,82,82,68,1,6,7.7,E,3,,,,,no,poor
85,87,80,81,84,62,89,60,83,4,2,6.9,D,3,,,,,no,poor
83,83,61,87,86,83,84,77,86,3,4,6.6,S,8,,,,,no,excellent
75,77,74,86,71,77,69,80,64,5,3,7.2,A,6,,,,,no,excellent
86,67,80,91,73,80,86,76,89,3,8,6.8,C,6,,,,,yes,excellent
88,65,94,80,75,71,72,87,61,9,7,6.8,C,6,,,,,no,poor
87,78,88,75,90,89,79,76,94,3,4,7.2,D,4,,,,,no,medium
86,85,85,61,82,93,80,64,86,5,7,7.1,E,5,,,,,yes,poor
87,84,90,93,94,66,81,85,93,1,6,7,F,2,,,,,no,poor
74,69,82,92,68,78,70,70,69,5,7,7.6,D,5,,,,,no,excellent
70,91,88,85,78,86,61,69,67,7,2,6.8,B,4,,,,,yes,poor
85,66,81,78,85,70,78,70,80,9,4,6.8,B,7,,,,,no,excellent
61,90,63,94,66,84,80,92,81,2,9,6.9,B,7,,,,,no,excellent
79,72,86,85,62,66,81,78,86,2,6,,B,5,,,,,no,medium
76,63,72,89,85,66,65,89,69,2,7,6.8,B,,,,,,yes,poor
81,88,90,67,68,92,82,86,69,5,6,6.9,B,8,,,,,no,poor
79,68,75,64,61,94,81,90,62,8,2,7.1,B,5,,,,,yes,medium
73,78,92,65,73,75,93,71,75,8,4,7,B,5,,,,,yes,excellent
70,92,73,82,62,74,90,64,88,5,2,6.5,,,,,,,yes,excellent
80,86,90,70,60,82,87,76,61,7,3,6.3,S,4,,,,,no,excellent
74,69,69,78,80,69,90,68,69,6,5,7.2,S,2,,,,,no,medium
79,63,80,78,63,62,70,61,75,5,7,6.7,S,1,,,,,no,excellent
72,82,70,67,80,72,93,75,90,3,9,6.9,S,1,,,,,yes,excellent
71,75,63,78,91,60,73,83,63,2,3,6.5,D,4,,,,,yes,poor
83,90,88,82,94,84,88,85,93,9,2,6.9,D,2,,,,,no,excellent
85,90,76,85,91,92,92,62,77,6,4,7.2,C,1,,,,,yes,medium
75,67,84,75,83,69,68,72,75,6,7,7,C,3,,,,,no,excellent
74,67,90,86,86,85,85,91,79,6,9,7.5,C,3,,,,,yes,medium
73,75,75,69,84,89,70,88,88,6,6,7.6,F,4,,,,,yes,poor
92,74,86,79,91,72,64,92,86,5,5,7.8,F,3,,,,,yes,medium
72,92,66,64,86,88,83,68,90,7,7,7.8,F,4,,,,,no,excellent
66,71,79,90,88,62,79,77,90,3,5,,E,3,,,,,yes,medium
61,86,86,63,84,80,91,68,64,8,1,,E,6,,,,,no,medium
76,89,85,65,80,60,88,76,86,6,2,,D,5,,,,,yes,medium
87,84,88,69,60,65,61,65,92,4,4,,D,9,,,,,no,excellent
62,86,62,80,71,80,78,65,82,5,1,,E,8,,,,,no,poor
66,92,91,65,66,69,86,64,78,1,4,,,5,,,,,no,excellent
71,89,73,64,83,84,72,75,66,5,3,7.5,E,9,,,,,no,poor
83,88,86,77,74,77,91,73,60,5,9,7.4,E,9,,,,,no,medium
92,63,76,81,77,61,75,92,78,7,8,6.9,A,4,,,,,no,medium
94,68,73,89,75,70,63,63,69,2,5,6.8,A,5,,,,,no,excellent
86,85,90,79,80,60,73,78,76,3,2,6.8,A,4,,,,,no,poor
64,77,67,67,61,89,92,93,90,5,9,6.9,A,5,,,,,yes,medium
93,91,92,88,68,86,94,86,71,2,5,7.6,A,7,,,,,no,excellent
72,72,84,83,84,86,62,80,67,6,4,7.7,A,5,,,,,yes,poor
94,81,94,66,90,73,66,94,80,4,2,7.6,A,7,,,,,no,medium
80,87,66,70,94,80,77,81,79,1,5,7.6,A,8,,,,,yes,medium
73,70,81,76,79,92,77,73,80,7,9,7.1,A,5,,,,,yes,medium
93,70,90,88,89,81,69,65,62,7,3,7.7,,4,,,,,no,poor
79,69,86,60,71,92,89,79,74,6,1,7,C,5,,,,,yes,poor
70,67,61,83,70,61,79,88,61,6,8,7.2,C,7,,,,,no,poor
71,75,87,60,63,67,61,92,67,3,7,6.7,C,5,,,,,no,medium
78,75,76,75,66,77,61,71,65,4,2,7.3,C,4,,,,,yes,poor
69,65,76,74,81,60,91,94,60,1,3,8,C,2,,,,,yes,excellent
77,82,87,85,76,85,86,69,82,8,8,6.8,C,3,,,,,yes,excellent
86,64,64,62,66,64,68,61,68,6,8,6.9,D,4,,,,,no,medium
76,78,67,75,91,78,86,80,91,8,1,7.2,D,6,,,,,yes,excellent
70,80,87,82,76,89,70,65,62,6,9,7.4,E,5,,,,,yes,medium
79,77,71,87,73,76,75,75,94,2,8,7.1,E,6,,,,,no,excellent
90,91,73,66,86,64,94,75,86,7,7,6.9,D,8,,,,,no,excellent
81,67,79,60,76,89,94,78,85,2,7,7,S,9,,,,,yes,poor
69,61,92,63,78,61,81,93,70,1,4,7.7,S,5,,,,,yes,excellent
60,73,69,61,75,76,70,73,94,2,2,6.9,S,1,,,,,no,excellent
94,92,92,84,78,73,72,63,81,8,4,6.6,S,6,,,,,no,poor
73,68,94,73,75,83,75,76,61,5,1,7.2,A,2,,,,,no,excellent
85,76,77,84,66,87,94,68,72,3,6,6.8,A,8,,,,,yes,poor
72,69,62,72,77,61,69,83,72,4,7,6.8,A,4,,,,,no,poor
81,65,78,86,86,94,74,69,65,4,1,7.2,A,2,,,,,yes,medium
90,65,63,83,86,77,82,81,87,6,4,7.1,C,5,,,,,yes,medium
79,61,68,92,93,61,76,83,67,7,1,7,C,9,,,,,yes,medium
74,69,76,72,70,86,60,94,93,9,3,7.6,C,8,,,,,yes,excellent
66,72,68,80,63,90,73,92,71,8,6,6.8,,7,,,,,no,medium
79,79,69,74,74,93,89,71,61,3,3,6.8,,4,,,,,no,excellent
89,72,81,93,63,85,93,63,81,4,1,6.9,F,8,,,,,yes,excellent
75,67,92,73,67,68,65,79,69,5,1,6.4,F,6,,,,,yes,medium
89,88,77,67,82,84,88,65,77,8,5,6.8,F,9,,,,,no,medium
76,82,65,93,69,88,94,72,69,8,2,7,S,6,,,,,yes,medium
68,92,75,82,63,78,90,89,68,1,3,7.5,S,8,,,,,no,excellent
90,62,75,61,86,74,73,85,82,8,3,7,S,2,,,,,no,poor
64,87,89,80,86,70,86,75,87,7,2,7,D,2,,,,,yes,excellent
93,70,81,89,94,68,86,92,64,3,1,6.9,D,8,,,,,no,medium
78,65,65,65,61,67,85,90,78,9,9,6.7,E,4,,,,,no,medium
92,75,90,69,71,89,78,84,85,8,6,6.8,E,6,,,,,yes,excellent
87,60,75,76,65,66,75,91,88,7,5,6.4,E,4,,,,,yes,medium
64,88,63,70,72,90,61,64,60,8,9,7.6,B,5,,,,,no,excellent
92,81,65,76,64,85,88,78,91,3,4,6.5,B,3,,,,,no,medium
60,61,65,67,61,85,88,91,60,8,6,7.1,B,2,,,,,no,poor
73,89,82,67,92,74,78,69,83,8,5,7.5,B,5,,,,,yes,excellent
67,60,84,68,74,72,82,66,74,6,6,7.4,B,4,,,,,no,excellent
72,73,64,91,63,81,94,90,91,4,9,6.7,D,8,,,,,yes,excellent
74,62,89,67,68,65,92,82,74,5,8,7.5,C,2,,,,,yes,excellent
69,69,91,80,85,75,61,69,74,5,3,6.3,D,7,,,,,yes,poor
81,88,78,72,94,64,79,93,77,9,6,7.8,C,4,,,,,no,medium
72,73,68,69,73,78,94,74,72,6,1,7.9,D,1,,,,,yes,excellent
83,83,72,84,67,72,74,86,66,8,1,7.7,B,7,,,,,no,excellent
81,87,68,76,82,75,91,84,73,5,2,7.8,C,2,,,,,yes,poor
62,64,77,91,88,61,88,86,73,4,8,7.3,D,6,,,,,no,excellent
67,92,77,89,68,72,84,64,92,5,6,7.9,C,6,,,,,no,excellent
69,70,83,91,86,94,73,77,70,2,7,7.6,D,6,,,,,no,medium
91,74,64,76,91,93,94,74,78,2,8,7.4,C,5,,,,,yes,poor
65,60,70,73,80,82,64,78,83,4,5,7.7,D,2,,,,,no,medium
71,68,89,68,65,66,90,64,84,9,2,7.6,S,3,,,,,no,poor
77,71,72,76,67,61,70,78,90,9,8,7.4,C,2,,,,,no,excellent
67,82,75,73,92,71,76,90,75,1,5,7.7,C,4,,,,,no,poor
65,60,77,70,87,85,62,94,74,4,3,7.4,C,5,,,,,no,poor
79,73,76,67,84,88,92,73,88,7,5,7.5,,3,,,,,no,medium
84,74,72,93,83,60,88,79,89,2,6,7.3,S,2,,,,,yes,poor
83,64,82,86,71,80,75,66,68,3,3,7.4,S,2,,,,,no,excellent
71,67,70,84,87,76,69,93,60,6,9,7.3,S,2,,,,,yes,medium
78,74,69,90,78,66,85,63,60,1,9,7.3,C,4,,,,,yes,poor
65,80,86,72,61,71,70,78,75,2,7,7.4,C,2,,,,,yes,excellent
80,89,71,72,73,75,64,94,86,9,6,7.8,B,4,,,,,yes,poor
69,84,61,93,85,77,74,78,70,7,8,7.3,B,4,,,,,no,poor
69,84,83,81,94,88,75,72,63,2,4,7.2,B,5,,,,,no,excellent
65,85,83,83,73,71,94,89,61,6,2,7.3,B,6,,,,,yes,medium
89,71,76,77,70,67,62,80,69,3,7,7.3,B,4,,,,,yes,excellent
94,74,66,79,80,82,66,93,91,9,9,7.3,A,5,,,,,no,excellent
87,70,72,66,84,71,89,64,70,2,6,7.9,A,7,,,,,no,medium
78,65,67,62,70,72,66,94,69,4,1,8.1,A,7,,,,,yes,poor
77,77,86,67,76,70,88,73,81,4,4,,A,5,,,,,no,excellent
72,61,80,64,71,61,77,88,83,2,1,,,9,,,,,yes,poor
88,91,94,64,60,86,82,79,93,9,5,,,2,,,,,no,poor
68,81,67,74,79,74,62,84,74,7,9,,,2,,,,,no,excellent
70,60,70,66,84,64,94,81,77,5,8,,,5,,,,,no,excellent
72,84,94,79,61,87,78,80,92,5,8,7.5,,3,,,,,yes,medium
64,91,83,65,76,69,68,82,88,3,6,7.4,D,3,,,,,no,poor
65,78,76,80,92,69,83,75,90,3,5,6.9,C,7,,,,,yes,medium
60,69,74,65,77,80,92,82,74,7,2,6.8,E,4,,,,,no,excellent
86,64,82,87,85,63,64,71,68,5,1,6.8,D,5,,,,,no,excellent
89,60,85,75,65,68,75,77,72,3,3,6.9,C,3,,,,,yes,excellent
88,75,81,73,60,81,75,73,73,4,3,7.6,D,6,,,,,yes,poor
61,93,83,84,82,71,76,88,77,8,4,7.7,D,1,,,,,no,excellent
61,94,85,63,82,76,69,65,73,2,6,7.6,D,11,,,,,no,medium
79,69,93,94,72,77,60,69,82,8,8,7.6,F,4,,,,,no,medium
80,62,72,85,76,68,65,81,76,4,7,7.1,F,8,,,,,yes,excellent
63,77,70,70,62,68,62,93,84,5,1,7.7,E,7,,,,,yes,medium
73,68,92,68,62,70,78,85,88,4,1,7,E,5,,,,,yes,excellent
74,76,61,79,80,70,60,71,78,8,3,7.2,E,4,,,,,no,poor
89,80,87,73,65,71,77,65,72,5,4,6.7,S,5,,,,,yes,excellent
73,82,70,81,91,82,77,94,60,6,3,7.3,S,7,,,,,yes,medium
64,82,68,81,88,92,64,63,90,1,9,8,S,7,,,,,no,excellent
89,62,61,81,63,86,64,65,69,8,2,6.8,E,2,,,,,no,poor
88,71,71,92,74,70,62,92,82,5,8,6.9,E,2,,,,,no,poor
67,79,87,79,70,69,88,75,80,2,8,7.2,E,3,,,,,no,excellent
62,82,71,83,66,77,72,72,64,8,9,7.4,E,3,,,,,yes,excellent
65,75,66,65,74,65,87,83,63,9,3,7.1,A,2,,,,,no,excellent
91,76,62,67,68,60,87,91,67,3,2,6.9,F,3,,,,,yes,poor
76,75,82,78,89,83,71,86,75,8,5,7,F,12,,,,,yes,excellent
67,88,85,83,81,62,71,90,69,7,4,7.7,A,,,,,,no,excellent
89,72,68,63,94,61,86,75,63,5,3,6.9,F,12,,,,,yes,medium
94,93,93,78,79,64,64,84,91,4,6,6.6,A,4,,,,,yes,poor
91,69,87,74,85,92,84,86,62,2,7,7.2,F,5,,,,,yes,medium
67,66,78,66,91,74,90,73,86,3,8,6.8,A,6,,,,,yes,poor
86,85,76,82,93,64,64,88,75,4,3,6.8,F,4,,,,,no,medium
70,92,76,71,90,80,83,72,94,6,6,7.2,F,,,,,,yes,medium
64,65,66,70,93,61,78,80,89,5,4,7.1,B,7,,,,,yes,medium
68,62,60,64,92,66,77,64,84,6,4,7,C,5,,,,,no,excellent
91,93,79,65,93,91,89,81,62,8,2,7.6,B,6,,,,,yes,medium
93,61,61,93,63,74,77,82,73,9,6,6.8,C,2,,,,,no,poor
79,94,63,87,61,87,88,62,85,5,1,6.8,D,5,,,,,no,excellent
69,64,77,70,69,86,62,61,78,1,3,6.9,C,3,,,,,yes,excellent
64,89,77,84,94,79,94,65,87,6,3,6.8,D,2,,,,,no,excellent
90,81,70,80,69,72,94,88,68,2,4,6.9,S,4,,,,,no,excellent
88,67,87,85,61,71,91,72,71,6,9,7.1,S,5,,,,,yes,poor
68,81,74,65,89,77,67,80,68,3,5,7,S,2,,,,,no,poor
88,62,78,65,83,63,81,65,88,3,7,6.5,C,4,,,,,no,poor
84,68,75,62,94,78,86,72,73,3,8,6.3,D,2,,,,,yes,medium
67,78,93,89,81,93,67,72,87,6,3,7.2,F,2,,,,,no,medium
81,77,75,62,85,70,88,91,63,5,4,6.7,B,7,,,,,yes,excellent
69,71,78,75,88,61,66,82,84,3,1,6.9,F,6,,,,,yes,excellent
84,74,60,76,85,92,70,73,66,1,8,6.5,D,6,,,,,no,excellent
64,65,64,85,60,68,68,76,77,7,6,6.9,E,2,,,,,yes,medium
83,64,79,87,64,84,80,81,68,9,4,7.2,C,3,,,,,no,poor
69,67,80,84,64,62,84,88,92,2,7,7,D,2,,,,,no,medium
73,67,80,78,92,82,84,67,62,4,4,7.5,B,11,,,,,yes,poor
81,62,92,61,87,64,82,65,64,4,3,7.6,A,1,,,,,yes,poor
94,61,91,79,81,70,77,87,72,7,3,7.8,D,4,,,,,yes,excellent
65,61,90,82,86,76,94,69,86,8,3,7.8,C,2,,,,,yes,medium
91,89,73,71,62,81,92,72,81,6,6,6.8,B,4,,,,,no,poor
79,69,61,92,84,69,65,91,60,3,2,6.9,C,5,,,,,yes,poor
71,89,89,64,63,66,64,84,64,4,3,7.6,D,1,,,,,yes,medium
61,67,78,73,85,83,80,78,70,7,8,7.7,F,2,,,,,no,excellent
62,80,77,78,78,94,69,70,92,2,3,7.6,B,,,,,,no,excellent
79,78,81,83,93,62,67,90,90,7,9,7.6,C,5,,,,,no,medium
60,67,81,68,67,66,83,71,61,8,7,7.1,D,2,,,,,yes,poor
62,69,91,92,79,61,85,62,72,2,2,7.7,E,4,,,,,yes,medium
82,77,66,91,85,74,80,89,69,3,2,7,D,3,,,,,yes,medium
71,83,79,89,87,79,89,87,87,1,4,7.2,S,2,,,,,yes,medium
77,64,63,68,63,66,81,81,67,2,4,6.7,C,7,,,,,yes,medium
60,66,90,84,82,86,85,87,70,7,1,7.3,S,2,,,,,yes,excellent
86,92,80,93,86,88,91,77,74,1,2,8,S,1,,,,,yes,medium
71,71,64,82,86,92,69,93,82,1,1,6.8,C,3,,,,,yes,medium
63,72,85,63,71,62,67,78,90,4,2,6.9,A,1,,,,,no,medium
82,75,70,65,75,84,87,76,92,9,3,7.2,C,2,,,,,yes,poor
92,91,89,67,91,73,62,76,65,3,7,7.4,D,3,,,,,yes,excellent
78,89,84,90,71,68,80,94,86,9,2,7.1,A,5,,,,,no,excellent
88,93,94,73,84,64,91,60,78,9,2,6.9,C,2,,,,,no,excellent
81,66,75,69,83,63,66,75,84,7,3,7,D,9,,,,,no,poor
75,66,84,66,76,72,69,63,64,6,5,7.7,A,5,,,,,yes,excellent
83,74,82,73,69,71,62,68,64,9,4,6.9,C,4,,,,,yes,excellent
84,71,82,91,79,85,68,71,77,6,6,6.6,D,2,,,,,yes,excellent
64,74,83,68,82,93,77,71,76,9,7,7.2,E,1,,,,,no,excellent
61,80,83,88,74,74,92,75,93,3,8,6.8,C,7,,,,,yes,excellent
88,79,89,94,67,68,88,81,90,5,1,6.8,A,2,,,,,yes,medium
68,81,94,89,83,71,60,66,68,6,1,7.2,C,1,,,,,no,poor
79,75,64,74,81,62,64,88,73,9,8,7.1,D,8,,,,,yes,poor
62,91,67,76,74,72,74,61,80,2,4,7,A,6,,,,,yes,medium
68,93,85,94,86,76,91,86,75,2,1,7.6,B,2,,,,,yes,poor
92,68,74,75,91,67,88,86,88,4,7,6.8,B,8,,,,,no,excellent
72,72,74,77,75,70,82,77,66,8,5,6.8,A,7,,,,,no,excellent
66,69,93,66,84,65,66,81,66,9,6,6.9,C,6,,,,,yes,poor
75,79,78,84,70,86,73,60,72,4,1,7.2,D,8,,,,,no,excellent
84,86,75,74,79,74,68,60,80,6,9,7.1,C,,,,,,yes,poor
83,64,82,71,91,63,80,77,92,1,8,7,D,3,,,,,yes,excellent
78,62,77,94,90,60,61,65,92,9,8,7.6,S,2,,,,,no,medium
78,85,61,80,67,77,68,90,65,8,1,6.8,S,7,,,,,yes,poor
83,84,93,66,60,68,79,63,82,8,2,6.8,,5,,,,,yes,medium
65,62,65,75,82,86,68,93,79,8,6,6.9,S,4,,,,,no,excellent
72,82,72,74,83,88,63,61,65,2,2,7.9,C,9,,,,,yes,excellent
83,67,84,71,78,73,91,74,88,3,1,7.6,D,8,,,,,no,poor
93,69,80,64,92,81,73,90,72,1,9,7.4,E,11,,,,,no,medium
66,70,93,89,84,81,67,87,76,6,7,7.7,,6,,,,,yes,medium
82,61,88,70,69,93,77,85,69,4,3,7.6,A,1,,,,,yes,medium
72,77,65,78,82,69,67,92,79,3,4,7.4,C,5,,,,,no,poor
91,91,77,63,66,61,82,88,64,7,1,7.7,,8,,,,,yes,medium
85,90,88,67,76,86,78,94,88,1,6,7.4,B,7,,,,,no,medium
63,80,87,80,89,77,76,62,90,3,1,7.5,B,5,,,,,yes,poor
69,64,63,85,76,60,63,75,87,6,5,7.3,B,4,,,,,yes,excellent
78,61,80,93,89,89,91,62,83,9,9,7.4,C,6,,,,,yes,poor
76,85,79,70,77,89,82,81,73,3,5,7.3,D,5,,,,,yes,poor
67,70,87,86,62,87,85,64,90,9,8,7.3,D,1,,,,,no,medium
91,62,68,76,89,67,85,78,75,1,2,7.4,E,1,,,,,no,medium
83,90,89,69,60,79,89,90,81,6,2,7.8,D,1,,,,,no,excellent
67,66,80,65,78,68,92,75,94,1,8,7.3,C,1,,,,,yes,poor
62,90,86,63,73,66,63,67,82,7,8,7.2,D,1,,,,,no,excellent
66,64,77,85,80,82,72,90,91,7,1,7.3,E,,,,,,no,medium
64,68,87,62,72,61,79,69,63,6,3,7.3,S,5,,,,,yes,poor
85,86,66,87,69,77,68,74,73,8,6,7.3,C,5,,,,,no,medium
86,94,70,84,74,88,86,91,85,7,9,7.9,D,3,,,,,no,medium
82,90,94,87,85,68,64,90,89,2,9,8.1,S,3,,,,,no,poor
79,70,91,62,93,81,84,68,68,5,8,,C,,,,,,no,excellent
61,71,94,80,82,88,91,77,92,5,4,,D,6,,,,,no,excellent
63,82,76,71,83,86,90,91,91,4,9,6.5,D,5,,,,,no,medium
60,66,93,93,88,85,91,66,66,6,6,7.1,E,4,,,,,no,excellent
80,74,93,62,63,91,91,80,87,3,9,7.5,A,2,,,,,yes,poor
65,67,79,62,84,76,88,81,91,1,3,7.4,D,5,,,,,no,poor
65,86,72,60,70,66,85,65,91,7,6,6.7,F,8,,,,,yes,poor
67,65,65,88,83,81,69,60,93,4,8,7.5,F,7,,,,,yes,excellent
81,94,72,75,77,66,79,79,61,8,9,6.3,F,6,,,,,no,poor
62,63,83,60,73,70,72,89,91,7,4,7.8,D,5,,,,,yes,medium
68,64,63,74,91,88,77,60,67,5,7,7.9,D,4,,,,,yes,medium
63,74,89,70,84,62,78,89,80,9,7,7.7,S,2,,,,,yes,poor
91,70,63,65,69,93,88,71,88,8,5,7.8,A,1,,,,,yes,poor
88,77,61,90,79,91,62,66,87,3,6,7.3,A,4,,,,,no,poor
65,87,73,76,69,67,89,69,81,1,1,7.9,A,2,,,,,yes,excellent
88,85,68,84,88,66,86,76,82,2,2,7.6,A,1,,,,,no,excellent
76,63,92,74,76,81,76,87,81,8,7,7.4,C,7,,,,,yes,excellent
74,94,94,82,64,92,84,67,80,4,6,7.7,C,5,,,,,no,poor
60,84,84,70,80,78,64,83,60,8,6,7.6,D,8,,,,,yes,excellent
91,61,83,80,88,62,88,76,86,9,1,7.4,D,5,,,,,no,excellent
